Tokenizer,String Matching Algorithm,Time,Threshold,Precision,Recall,F1
tik_token,jaccard,320,0.15,0.511434007,0.362342188,0.391147729
tik_token,llm,4581,0.45,0.666233442,0.677379757,0.618042388
tik_token,tfidf,275,0.15,0.540312426,0.576205804,0.521191279
n_gram,jaccard,6,0.075,0.425103979,0.211639686,0.251854284
n_gram,llm,4581,0.45,0.666233442,0.677379757,0.618042388
n_gram,tfidf,10,0.075,0.470935391,0.279470541,0.314715247
whitespace,jaccard,3,0.2,0.547091154,0.269535364,0.32603229
whitespace,llm,4581,0.45,0.666233442,0.677379757,0.618042388
whitespace,tfidf,9,0.2,0.612821409,0.415876008,0.452950883